,N,N,N,P,P,P,K,K,K,temperature,temperature,temperature,humidity,humidity,humidity,ph,ph,ph
,min,max,mean,min,max,mean,min,max,mean,min,max,mean,min,max,mean,min,max,mean
label,,,,,,,,,,,,,,,,,,
apple,0,40,20.8,120,145,134.22,195,205,199.89,21.0365275,23.99686172,22.6309424132,90.02575116,94.92048112,92.3333828756,5.514253142,6.4992268210000015,5.929662931809999
banana,80,120,100.23,70,95,82.01,45,55,50.05,25.01018457,29.90888522,27.3767983057,75.03193255,84.97849241,80.35812258109999,5.505393832999999,6.490074429,5.98389318024
blackgram,20,60,40.02,55,80,67.47,15,25,19.24,25.09737391,34.9466155,29.9733396789,60.06534859,69.96100028,65.1184255887,6.500144962,7.775306272000001,7.13395162948
chickpea,20,60,40.09,55,80,67.79,75,85,79.92,17.02498456,20.99502153,18.8728467519,14.25803981,19.96978871,16.8604394237,5.988992796000002,8.868741443,7.33695662374
coconut,0,40,21.98,5,30,16.93,25,35,30.59,25.00872392,29.8690834,27.4098921723,90.01734526,99.98187601,94.84427180610001,5.50158009,6.470465614,5.97656212619
coffee,80,120,101.2,15,40,28.74,25,35,29.94,23.05951896,27.92374437,25.5404768193,50.04557009,69.94807345,58.8698463003,6.020947179,7.493191968,6.79030827457
cotton,100,140,117.77,35,60,46.24,15,25,19.56,22.00085141,25.99237426,23.988957895200002,75.00539324,84.87668973,79.8434742538,5.801047545,7.994679507000001,6.91267549578
grapes,0,40,23.18,120,145,132.53,195,205,200.11,8.825674745,41.94865736,23.849575120049998,80.01639435,83.98351748,81.8752275212,5.510924848999999,6.499604931,6.025936681099999
jute,60,100,78.4,35,60,46.86,35,45,39.99,23.09433785,26.98582182,24.9583758265,70.88259632,89.89106506,79.6398642063,6.002524871,7.4880144039999985,6.7327775681699995
kidneybeans,0,40,20.75,55,80,67.54,15,25,20.05,15.33042636,24.92360104,20.1150846851,18.09224048,24.96969858,21.6053567295,5.502999119,5.99812453,5.749410585870001
lentil,0,40,18.77,55,80,68.36,15,25,19.41,18.06486101,29.94413861,24.509052402600002,60.09116626,69.92375891,64.8047846785,5.91645379,7.841496029,6.927931571609999
maize,60,100,77.76,35,60,48.44,15,25,19.79,18.04185513,26.54986394,22.3892039102,55.28220433,74.82913698,65.0922494467,5.513697923,6.995843776,6.2451897224
mango,0,40,20.07,15,40,27.18,25,35,29.92,27.00315545,35.99009679,31.2087701513,45.02236377,54.9640534,50.1565726953,4.507523551,6.9674177660000005,5.766372799660001
mothbeans,0,40,21.44,35,60,48.01,15,25,20.23,24.01825377,31.99928579,28.1949204842,40.00933429,64.95585424,53.16041802790001,3.504752314,9.93509073,6.83117408269
mungbean,0,40,20.99,35,60,47.28,15,25,19.87,27.01470397,29.914544300000006,28.5257747353,80.03499648,89.99615558,85.49997454300001,6.218923893,7.199495367999999,6.72395694037
muskmelon,80,120,100.32,5,30,17.72,45,55,50.08,27.02415146,29.94349168,28.663065756,90.01506395,94.96218673,92.34280196089999,6.002927293,6.781050372999999,6.35880545179
orange,0,40,19.58,5,30,16.55,5,15,10.01,10.01081312,34.90665289,22.7657254967,90.00621688,94.96419851,92.17020876340001,6.010391864,7.995848977,7.01695745276
papaya,31,70,49.88,46,70,59.05,45,55,50.04,23.012401800000006,43.67549305,33.7238587388,90.03863107,94.94482086,92.4033876826,6.501521192,6.993473247000001,6.74144237274
pigeonpeas,0,40,20.73,55,80,67.73,15,25,20.29,18.31910448,36.97794384,27.7417622259,30.40046769,69.69141302,48.0616330847,4.548202098,7.445444882999999,5.794174879790001
pomegranate,0,40,18.87,5,30,18.75,35,45,40.21,18.07132963,24.96273236,21.837841721999997,85.12912161,94.99897537,90.1255037895,5.561851831,7.199504273,6.4291718411700005
rice,60,99,79.89,35,60,47.58,35,45,39.87,20.0454142,26.92995077,23.6893322105,80.12267476,84.96907151,82.2728215389,5.005306977,7.868474653,6.425470922140001
watermelon,80,120,99.42,5,30,17.0,45,55,50.22,24.04355803,26.98603693,25.591767237499997,80.02621335,89.98405233,85.16037529360001,6.000975617000001,6.956508826,6.49577830157
